"iv_malla_modi_id","mq_evi_mean","mq_evi_cv","mq_max","mq_evi_meanL","mq_evi_cvL","clu"
142799,2,2,1,"B","b","Bb1"
142800,2,2,4,"B","b","Bb4"
142801,3,1,1,"C","a","Ca1"
142802,4,1,2,"D","a","Da2"
142803,3,1,2,"C","a","Ca2"
142804,3,1,1,"C","a","Ca1"
142805,2,1,1,"B","a","Ba1"
142806,2,1,2,"B","a","Ba2"
142807,2,1,2,"B","a","Ba2"
143477,1,3,2,"A","c","Ac2"
143478,2,3,1,"B","c","Bc1"
143479,4,1,4,"D","a","Da4"
143480,4,1,4,"D","a","Da4"
143481,3,1,2,"C","a","Ca2"
143482,4,1,2,"D","a","Da2"
143483,3,1,2,"C","a","Ca2"
143484,3,1,2,"C","a","Ca2"
143485,2,1,3,"B","a","Ba3"
143486,2,1,1,"B","a","Ba1"
143487,1,1,2,"A","a","Aa2"
144156,1,3,1,"A","c","Ac1"
144157,3,2,2,"C","b","Cb2"
144158,4,1,4,"D","a","Da4"
144159,4,1,2,"D","a","Da2"
144160,3,2,2,"C","b","Cb2"
144161,3,1,2,"C","a","Ca2"
144162,4,1,1,"D","a","Da1"
144163,3,1,2,"C","a","Ca2"
144164,3,2,2,"C","b","Cb2"
144165,2,1,2,"B","a","Ba2"
144166,2,1,2,"B","a","Ba2"
144167,1,1,2,"A","a","Aa2"
144168,2,1,1,"B","a","Ba1"
144833,1,3,2,"A","c","Ac2"
144834,1,3,2,"A","c","Ac2"
144835,2,3,1,"B","c","Bc1"
144836,3,2,2,"C","b","Cb2"
144837,3,2,2,"C","b","Cb2"
144838,3,2,1,"C","b","Cb1"
144839,3,2,1,"C","b","Cb1"
144840,3,2,2,"C","b","Cb2"
144841,3,2,1,"C","b","Cb1"
144842,3,2,1,"C","b","Cb1"
144843,3,1,1,"C","a","Ca1"
144844,3,1,2,"C","a","Ca2"
144845,2,1,1,"B","a","Ba1"
144846,1,1,2,"A","a","Aa2"
144847,2,1,1,"B","a","Ba1"
145511,1,4,2,"A","d","Ad2"
145512,1,2,2,"A","b","Ab2"
145513,2,3,1,"B","c","Bc1"
145514,2,3,2,"B","c","Bc2"
145515,3,2,2,"C","b","Cb2"
145516,3,2,1,"C","b","Cb1"
145517,3,2,1,"C","b","Cb1"
145518,3,3,1,"C","c","Cc1"
145519,3,4,1,"C","d","Cd1"
145520,2,3,1,"B","c","Bc1"
145521,3,3,1,"C","c","Cc1"
145522,3,3,1,"C","c","Cc1"
145523,3,1,2,"C","a","Ca2"
145524,3,1,1,"C","a","Ca1"
145525,2,1,2,"B","a","Ba2"
145526,1,2,2,"A","b","Ab2"
146190,1,4,1,"A","d","Ad1"
146191,1,3,2,"A","c","Ac2"
146192,2,2,2,"B","b","Bb2"
146193,3,3,1,"C","c","Cc1"
146194,3,2,2,"C","b","Cb2"
146195,3,3,1,"C","c","Cc1"
146196,3,3,1,"C","c","Cc1"
146197,2,3,1,"B","c","Bc1"
146198,2,4,1,"B","d","Bd1"
146199,2,3,1,"B","c","Bc1"
146200,3,3,1,"C","c","Cc1"
146201,3,2,1,"C","b","Cb1"
146202,3,2,1,"C","b","Cb1"
146203,3,1,1,"C","a","Ca1"
146204,3,1,1,"C","a","Ca1"
146205,2,1,2,"B","a","Ba2"
146868,1,4,2,"A","d","Ad2"
146869,1,4,2,"A","d","Ad2"
146870,2,3,2,"B","c","Bc2"
146871,3,3,2,"C","c","Cc2"
146872,4,2,2,"D","b","Db2"
146873,4,3,2,"D","c","Dc2"
146874,4,3,1,"D","c","Dc1"
146875,3,3,1,"C","c","Cc1"
146876,2,3,1,"B","c","Bc1"
146877,2,3,1,"B","c","Bc1"
146878,2,3,1,"B","c","Bc1"
146879,2,3,1,"B","c","Bc1"
146880,2,3,1,"B","c","Bc1"
146881,3,2,1,"C","b","Cb1"
146882,2,3,1,"B","c","Bc1"
146883,2,1,1,"B","a","Ba1"
146884,2,2,2,"B","b","Bb2"
147547,1,4,2,"A","d","Ad2"
147548,2,2,2,"B","b","Bb2"
147549,2,3,2,"B","c","Bc2"
147550,3,2,2,"C","b","Cb2"
147551,3,3,2,"C","c","Cc2"
147552,4,3,2,"D","c","Dc2"
147553,4,3,2,"D","c","Dc2"
147554,3,3,1,"C","c","Cc1"
147555,3,3,1,"C","c","Cc1"
147556,3,3,1,"C","c","Cc1"
147557,3,3,1,"C","c","Cc1"
147558,2,3,1,"B","c","Bc1"
147559,2,2,1,"B","b","Bb1"
147560,2,3,1,"B","c","Bc1"
147561,1,3,1,"A","c","Ac1"
147562,1,3,1,"A","c","Ac1"
148227,2,4,2,"B","d","Bd2"
148228,2,4,2,"B","d","Bd2"
148229,3,4,1,"C","d","Cd1"
148230,3,3,1,"C","c","Cc1"
148231,3,3,1,"C","c","Cc1"
148232,3,3,1,"C","c","Cc1"
148233,3,3,1,"C","c","Cc1"
148234,3,3,1,"C","c","Cc1"
148235,3,3,1,"C","c","Cc1"
148236,2,4,1,"B","d","Bd1"
148237,2,3,1,"B","c","Bc1"
148238,2,2,1,"B","b","Bb1"
148239,2,3,1,"B","c","Bc1"
148240,1,3,1,"A","c","Ac1"
148241,1,3,1,"A","c","Ac1"
148242,1,2,1,"A","b","Ab1"
148905,1,4,2,"A","d","Ad2"
148906,2,3,2,"B","c","Bc2"
148907,2,4,2,"B","d","Bd2"
148908,3,4,1,"C","d","Cd1"
148909,3,3,1,"C","c","Cc1"
148910,3,3,1,"C","c","Cc1"
148911,2,3,1,"B","c","Bc1"
148912,2,2,1,"B","b","Bb1"
148913,3,3,1,"C","c","Cc1"
148914,3,3,1,"C","c","Cc1"
148915,2,4,1,"B","d","Bd1"
148916,1,4,1,"A","d","Ad1"
148917,1,3,1,"A","c","Ac1"
148918,1,3,1,"A","c","Ac1"
148919,1,3,2,"A","c","Ac2"
148920,1,2,1,"A","b","Ab1"
148921,1,3,1,"A","c","Ac1"
149584,2,4,4,"B","d","Bd4"
149585,2,4,4,"B","d","Bd4"
149586,2,2,4,"B","b","Bb4"
149587,2,3,1,"B","c","Bc1"
149588,2,3,1,"B","c","Bc1"
149589,2,3,1,"B","c","Bc1"
149590,2,4,1,"B","d","Bd1"
149591,3,3,1,"C","c","Cc1"
149592,3,3,1,"C","c","Cc1"
149593,3,3,1,"C","c","Cc1"
149594,2,3,1,"B","c","Bc1"
149595,1,3,1,"A","c","Ac1"
149596,1,3,1,"A","c","Ac1"
149597,1,3,1,"A","c","Ac1"
149598,1,3,1,"A","c","Ac1"
149599,1,4,1,"A","d","Ad1"
149600,1,3,2,"A","c","Ac2"
150263,2,4,2,"B","d","Bd2"
150264,2,4,2,"B","d","Bd2"
150265,2,4,1,"B","d","Bd1"
150266,2,3,1,"B","c","Bc1"
150267,2,4,1,"B","d","Bd1"
150268,2,4,1,"B","d","Bd1"
150269,2,4,1,"B","d","Bd1"
150270,3,3,1,"C","c","Cc1"
150271,3,3,1,"C","c","Cc1"
150272,2,3,1,"B","c","Bc1"
150273,1,4,1,"A","d","Ad1"
150274,1,3,1,"A","c","Ac1"
150275,1,3,1,"A","c","Ac1"
150276,1,3,2,"A","c","Ac2"
150277,1,3,1,"A","c","Ac1"
150278,1,3,1,"A","c","Ac1"
150279,1,3,2,"A","c","Ac2"
150942,2,4,2,"B","d","Bd2"
150943,3,3,2,"C","c","Cc2"
150944,2,4,2,"B","d","Bd2"
150945,2,4,1,"B","d","Bd1"
150946,2,3,1,"B","c","Bc1"
150947,2,3,1,"B","c","Bc1"
150948,2,3,1,"B","c","Bc1"
150949,3,2,2,"C","b","Cb2"
150950,2,3,1,"B","c","Bc1"
150951,2,3,1,"B","c","Bc1"
150952,1,3,2,"A","c","Ac2"
150953,1,3,1,"A","c","Ac1"
150954,1,3,1,"A","c","Ac1"
150955,1,3,2,"A","c","Ac2"
150956,1,4,2,"A","d","Ad2"
150957,1,3,1,"A","c","Ac1"
151623,2,4,2,"B","d","Bd2"
151624,2,4,2,"B","d","Bd2"
151625,2,4,1,"B","d","Bd1"
151626,3,3,1,"C","c","Cc1"
151627,2,4,1,"B","d","Bd1"
151628,2,4,1,"B","d","Bd1"
151629,2,3,2,"B","c","Bc2"
151630,2,3,2,"B","c","Bc2"
151631,1,3,1,"A","c","Ac1"
151632,1,3,1,"A","c","Ac1"
151633,1,3,1,"A","c","Ac1"
151634,1,3,1,"A","c","Ac1"
151635,1,4,1,"A","d","Ad1"
152303,1,4,2,"A","d","Ad2"
152304,3,4,2,"C","d","Cd2"
152305,3,4,1,"C","d","Cd1"
152306,3,4,4,"C","d","Cd4"
152307,2,3,1,"B","c","Bc1"
152308,2,4,1,"B","d","Bd1"
152309,2,3,1,"B","c","Bc1"
152310,1,4,1,"A","d","Ad1"
152311,1,3,1,"A","c","Ac1"
152312,1,3,1,"A","c","Ac1"
152313,1,3,2,"A","c","Ac2"
152314,1,3,1,"A","c","Ac1"
152982,2,3,2,"B","c","Bc2"
152983,2,4,2,"B","d","Bd2"
152984,3,4,1,"C","d","Cd1"
152985,2,4,1,"B","d","Bd1"
152986,2,4,1,"B","d","Bd1"
152987,2,4,1,"B","d","Bd1"
152988,1,4,1,"A","d","Ad1"
152989,1,4,1,"A","d","Ad1"
152990,1,4,1,"A","d","Ad1"
152991,1,3,1,"A","c","Ac1"
152992,1,2,1,"A","b","Ab1"
153661,2,4,1,"B","d","Bd1"
153662,2,4,2,"B","d","Bd2"
153663,2,4,2,"B","d","Bd2"
153664,2,4,1,"B","d","Bd1"
153665,1,4,1,"A","d","Ad1"
153666,1,4,2,"A","d","Ad2"
153667,2,4,1,"B","d","Bd1"
153668,2,4,1,"B","d","Bd1"
153669,1,3,1,"A","c","Ac1"
153670,1,3,1,"A","c","Ac1"
153671,1,3,2,"A","c","Ac2"
154341,2,4,2,"B","d","Bd2"
154342,2,4,1,"B","d","Bd1"
154343,1,4,2,"A","d","Ad2"
154344,2,4,2,"B","d","Bd2"
154345,1,4,2,"A","d","Ad2"
154346,1,4,1,"A","d","Ad1"
154347,2,4,2,"B","d","Bd2"
154348,2,4,1,"B","d","Bd1"
154349,1,4,2,"A","d","Ad2"
155022,1,4,1,"A","d","Ad1"
155023,1,4,2,"A","d","Ad2"
155024,1,4,2,"A","d","Ad2"
155025,1,4,1,"A","d","Ad1"
161084,2,1,1,"B","a","Ba1"
161085,1,1,1,"A","a","Aa1"
161086,1,1,1,"A","a","Aa1"
161087,1,1,1,"A","a","Aa1"
161088,1,2,1,"A","b","Ab1"
161089,1,3,1,"A","c","Ac1"
161761,3,3,1,"C","c","Cc1"
161762,2,2,1,"B","b","Bb1"
161763,1,2,1,"A","b","Ab1"
161764,1,1,1,"A","a","Aa1"
161765,1,1,1,"A","a","Aa1"
161766,1,1,1,"A","a","Aa1"
161767,1,1,1,"A","a","Aa1"
161768,2,2,1,"B","b","Bb1"
161769,2,2,1,"B","b","Bb1"
162440,2,3,1,"B","c","Bc1"
162441,2,2,1,"B","b","Bb1"
162442,1,2,1,"A","b","Ab1"
162443,1,2,1,"A","b","Ab1"
162444,1,1,1,"A","a","Aa1"
162445,1,1,1,"A","a","Aa1"
162446,1,1,1,"A","a","Aa1"
162447,2,3,1,"B","c","Bc1"
162448,2,3,1,"B","c","Bc1"
162449,2,3,1,"B","c","Bc1"
162450,3,3,1,"C","c","Cc1"
162451,3,3,1,"C","c","Cc1"
162452,2,3,1,"B","c","Bc1"
162453,1,4,1,"A","d","Ad1"
162454,1,2,1,"A","b","Ab1"
162455,1,2,1,"A","b","Ab1"
163119,2,3,2,"B","c","Bc2"
163120,2,3,1,"B","c","Bc1"
163121,2,3,1,"B","c","Bc1"
163122,2,4,1,"B","d","Bd1"
163123,2,4,1,"B","d","Bd1"
163124,2,4,1,"B","d","Bd1"
163125,2,3,1,"B","c","Bc1"
163126,2,3,1,"B","c","Bc1"
163127,2,3,1,"B","c","Bc1"
163128,2,3,1,"B","c","Bc1"
163129,2,2,1,"B","b","Bb1"
163130,2,2,1,"B","b","Bb1"
163131,1,1,1,"A","a","Aa1"
163132,1,2,1,"A","b","Ab1"
163133,1,2,1,"A","b","Ab1"
163134,1,2,1,"A","b","Ab1"
163135,1,2,1,"A","b","Ab1"
163136,1,1,1,"A","a","Aa1"
163798,2,4,1,"B","d","Bd1"
163799,2,4,1,"B","d","Bd1"
163800,3,4,1,"C","d","Cd1"
163801,3,4,1,"C","d","Cd1"
163802,2,4,1,"B","d","Bd1"
163803,2,4,1,"B","d","Bd1"
163804,2,4,1,"B","d","Bd1"
163805,2,3,1,"B","c","Bc1"
163806,2,3,1,"B","c","Bc1"
163807,2,3,1,"B","c","Bc1"
163808,2,2,1,"B","b","Bb1"
163809,2,2,1,"B","b","Bb1"
163810,1,3,1,"A","c","Ac1"
163811,2,2,1,"B","b","Bb1"
163812,2,1,1,"B","a","Ba1"
163813,1,2,1,"A","b","Ab1"
163814,2,2,1,"B","b","Bb1"
163815,2,2,1,"B","b","Bb1"
163816,2,3,1,"B","c","Bc1"
164478,2,3,1,"B","c","Bc1"
164479,2,3,1,"B","c","Bc1"
164480,2,4,1,"B","d","Bd1"
164481,2,4,1,"B","d","Bd1"
164482,2,4,1,"B","d","Bd1"
164483,2,4,1,"B","d","Bd1"
164484,2,4,1,"B","d","Bd1"
164485,2,4,1,"B","d","Bd1"
164486,2,4,1,"B","d","Bd1"
164487,2,4,1,"B","d","Bd1"
164488,2,4,1,"B","d","Bd1"
164489,2,3,1,"B","c","Bc1"
164490,2,3,1,"B","c","Bc1"
164491,2,3,1,"B","c","Bc1"
164492,2,2,1,"B","b","Bb1"
164493,2,3,1,"B","c","Bc1"
164494,2,3,1,"B","c","Bc1"
164495,2,3,1,"B","c","Bc1"
165157,3,3,1,"C","c","Cc1"
165158,2,3,1,"B","c","Bc1"
165159,2,4,1,"B","d","Bd1"
165160,2,4,1,"B","d","Bd1"
165161,2,4,1,"B","d","Bd1"
165162,2,4,1,"B","d","Bd1"
165163,2,4,1,"B","d","Bd1"
165164,2,4,1,"B","d","Bd1"
165165,2,4,1,"B","d","Bd1"
165166,2,4,1,"B","d","Bd1"
165167,2,4,1,"B","d","Bd1"
165168,2,4,1,"B","d","Bd1"
165169,2,4,1,"B","d","Bd1"
165170,2,4,1,"B","d","Bd1"
165171,2,4,1,"B","d","Bd1"
165172,2,3,1,"B","c","Bc1"
165173,2,3,1,"B","c","Bc1"
165174,2,3,1,"B","c","Bc1"
165175,2,3,1,"B","c","Bc1"
165837,3,3,1,"C","c","Cc1"
165838,3,3,1,"C","c","Cc1"
165839,2,3,1,"B","c","Bc1"
165840,2,3,1,"B","c","Bc1"
165841,2,4,1,"B","d","Bd1"
165842,2,4,1,"B","d","Bd1"
165843,2,4,1,"B","d","Bd1"
165844,1,4,1,"A","d","Ad1"
165845,2,4,1,"B","d","Bd1"
165846,2,4,1,"B","d","Bd1"
165847,2,4,1,"B","d","Bd1"
165848,2,4,1,"B","d","Bd1"
165849,2,4,1,"B","d","Bd1"
165850,2,4,1,"B","d","Bd1"
165851,2,4,1,"B","d","Bd1"
165852,3,2,1,"C","b","Cb1"
165853,2,2,1,"B","b","Bb1"
165854,2,3,1,"B","c","Bc1"
165855,3,3,1,"C","c","Cc1"
166520,1,3,1,"A","c","Ac1"
166521,1,4,1,"A","d","Ad1"
166522,1,4,2,"A","d","Ad2"
166523,1,4,1,"A","d","Ad1"
166524,2,4,1,"B","d","Bd1"
166525,2,4,1,"B","d","Bd1"
166526,2,4,1,"B","d","Bd1"
166527,2,4,1,"B","d","Bd1"
166528,2,4,1,"B","d","Bd1"
166529,3,3,1,"C","c","Cc1"
166530,3,3,1,"C","c","Cc1"
166531,3,3,1,"C","c","Cc1"
166532,3,2,1,"C","b","Cb1"
166533,3,2,1,"C","b","Cb1"
166534,2,3,1,"B","c","Bc1"
167201,1,4,1,"A","d","Ad1"
167202,1,4,1,"A","d","Ad1"
167203,1,4,1,"A","d","Ad1"
167204,1,4,1,"A","d","Ad1"
167205,1,4,1,"A","d","Ad1"
167206,2,4,1,"B","d","Bd1"
167207,2,3,1,"B","c","Bc1"
167208,3,4,1,"C","d","Cd1"
167209,3,3,1,"C","c","Cc1"
167210,3,3,1,"C","c","Cc1"
167211,3,3,1,"C","c","Cc1"
167212,3,2,1,"C","b","Cb1"
167213,2,3,2,"B","c","Bc2"
167881,1,4,1,"A","d","Ad1"
167882,1,4,1,"A","d","Ad1"
167883,1,4,1,"A","d","Ad1"
167884,1,4,2,"A","d","Ad2"
167885,1,4,1,"A","d","Ad1"
167886,1,4,2,"A","d","Ad2"
167887,3,4,1,"C","d","Cd1"
167888,3,3,1,"C","c","Cc1"
167889,3,4,1,"C","d","Cd1"
167890,3,3,1,"C","c","Cc1"
167891,3,3,1,"C","c","Cc1"
167892,3,2,1,"C","b","Cb1"
167893,3,2,1,"C","b","Cb1"
168536,1,3,1,"A","c","Ac1"
168537,1,4,2,"A","d","Ad2"
168561,1,4,1,"A","d","Ad1"
168562,1,4,2,"A","d","Ad2"
168563,1,4,2,"A","d","Ad2"
168564,1,4,2,"A","d","Ad2"
168565,1,4,2,"A","d","Ad2"
168566,2,3,2,"B","c","Bc2"
168567,3,3,2,"C","c","Cc2"
168568,3,3,2,"C","c","Cc2"
168569,3,3,2,"C","c","Cc2"
168570,3,3,1,"C","c","Cc1"
168571,3,2,2,"C","b","Cb2"
168572,3,2,1,"C","b","Cb1"
169214,2,2,4,"B","b","Bb4"
169215,2,3,2,"B","c","Bc2"
169216,3,3,4,"C","c","Cc4"
169217,3,3,4,"C","c","Cc4"
169244,1,4,2,"A","d","Ad2"
169245,2,4,2,"B","d","Bd2"
169246,3,4,1,"C","d","Cd1"
169247,3,3,2,"C","c","Cc2"
169248,3,3,1,"C","c","Cc1"
169249,3,3,1,"C","c","Cc1"
169250,3,3,1,"C","c","Cc1"
169251,3,2,1,"C","b","Cb1"
169892,2,2,1,"B","b","Bb1"
169893,3,1,4,"C","a","Ca4"
169894,4,3,3,"D","c","Dc3"
169895,4,1,4,"D","a","Da4"
169896,4,3,3,"D","c","Dc3"
169897,4,2,4,"D","b","Db4"
169923,1,4,3,"A","d","Ad3"
169924,1,4,2,"A","d","Ad2"
169925,3,3,2,"C","c","Cc2"
169926,3,3,1,"C","c","Cc1"
169927,2,3,1,"B","c","Bc1"
169928,3,2,1,"C","b","Cb1"
169929,3,3,1,"C","c","Cc1"
169930,3,1,1,"C","a","Ca1"
170570,3,3,1,"C","c","Cc1"
170571,2,2,1,"B","b","Bb1"
170572,3,1,1,"C","a","Ca1"
170573,3,1,1,"C","a","Ca1"
170574,4,2,3,"D","b","Db3"
170575,4,2,4,"D","b","Db4"
170576,4,2,4,"D","b","Db4"
170602,1,4,1,"A","d","Ad1"
170603,1,4,2,"A","d","Ad2"
170604,2,3,1,"B","c","Bc1"
170605,2,3,1,"B","c","Bc1"
170606,2,3,1,"B","c","Bc1"
170607,2,3,1,"B","c","Bc1"
170608,2,2,1,"B","b","Bb1"
170609,3,1,1,"C","a","Ca1"
171248,3,1,3,"C","a","Ca3"
171249,3,2,3,"C","b","Cb3"
171250,3,1,3,"C","a","Ca3"
171251,4,1,1,"D","a","Da1"
171252,4,1,1,"D","a","Da1"
171253,4,2,4,"D","b","Db4"
171254,4,2,4,"D","b","Db4"
171255,4,2,3,"D","b","Db3"
171257,4,1,4,"D","a","Da4"
171281,1,4,1,"A","d","Ad1"
171282,2,4,2,"B","d","Bd2"
171283,2,4,2,"B","d","Bd2"
171284,3,4,2,"C","d","Cd2"
171285,2,4,2,"B","d","Bd2"
171286,2,3,2,"B","c","Bc2"
171287,2,3,2,"B","c","Bc2"
171288,2,2,1,"B","b","Bb1"
171925,3,1,3,"C","a","Ca3"
171926,3,2,1,"C","b","Cb1"
171927,3,2,1,"C","b","Cb1"
171928,3,1,3,"C","a","Ca3"
171929,4,1,3,"D","a","Da3"
171930,4,1,3,"D","a","Da3"
171931,4,1,3,"D","a","Da3"
171932,4,1,4,"D","a","Da4"
171933,4,1,4,"D","a","Da4"
171934,4,2,4,"D","b","Db4"
171935,4,2,3,"D","b","Db3"
171936,4,1,1,"D","a","Da1"
171937,4,2,4,"D","b","Db4"
171961,1,4,1,"A","d","Ad1"
171962,2,4,2,"B","d","Bd2"
171963,2,4,2,"B","d","Bd2"
171964,2,4,2,"B","d","Bd2"
171965,1,4,1,"A","d","Ad1"
171966,1,4,1,"A","d","Ad1"
172604,4,1,1,"D","a","Da1"
172605,4,1,1,"D","a","Da1"
172606,4,1,1,"D","a","Da1"
172607,3,1,3,"C","a","Ca3"
172608,3,1,3,"C","a","Ca3"
172609,4,2,3,"D","b","Db3"
172610,4,1,3,"D","a","Da3"
172611,4,1,3,"D","a","Da3"
172612,4,1,3,"D","a","Da3"
172613,4,1,3,"D","a","Da3"
172614,4,2,1,"D","b","Db1"
172615,4,1,1,"D","a","Da1"
172616,4,1,4,"D","a","Da4"
172617,4,2,4,"D","b","Db4"
172618,4,1,3,"D","a","Da3"
172640,1,4,2,"A","d","Ad2"
172641,1,4,2,"A","d","Ad2"
172642,1,3,2,"A","c","Ac2"
172643,1,3,1,"A","c","Ac1"
172644,1,4,1,"A","d","Ad1"
172645,1,4,1,"A","d","Ad1"
173283,3,2,2,"C","b","Cb2"
173284,3,2,1,"C","b","Cb1"
173285,3,2,1,"C","b","Cb1"
173286,3,1,1,"C","a","Ca1"
173287,4,1,1,"D","a","Da1"
173288,4,1,3,"D","a","Da3"
173289,4,1,3,"D","a","Da3"
173290,4,1,3,"D","a","Da3"
173291,4,1,1,"D","a","Da1"
173292,4,1,1,"D","a","Da1"
173293,4,1,1,"D","a","Da1"
173294,4,1,3,"D","a","Da3"
173295,4,1,3,"D","a","Da3"
173296,3,1,3,"C","a","Ca3"
173297,4,1,3,"D","a","Da3"
173320,1,4,1,"A","d","Ad1"
173321,1,4,1,"A","d","Ad1"
173322,1,4,1,"A","d","Ad1"
173962,3,3,2,"C","c","Cc2"
173963,3,3,2,"C","c","Cc2"
173964,3,3,2,"C","c","Cc2"
173965,3,3,2,"C","c","Cc2"
173966,3,2,2,"C","b","Cb2"
173967,4,2,1,"D","b","Db1"
173968,4,1,2,"D","a","Da2"
173969,4,1,3,"D","a","Da3"
173970,4,2,1,"D","b","Db1"
173971,4,1,1,"D","a","Da1"
173972,4,1,4,"D","a","Da4"
173973,4,2,3,"D","b","Db3"
173974,4,1,1,"D","a","Da1"
173975,4,2,4,"D","b","Db4"
173976,4,3,4,"D","c","Dc4"
173977,4,2,4,"D","b","Db4"
174640,2,3,2,"B","c","Bc2"
174641,2,3,2,"B","c","Bc2"
174642,2,3,2,"B","c","Bc2"
174643,2,3,2,"B","c","Bc2"
174644,3,4,2,"C","d","Cd2"
174645,3,4,1,"C","d","Cd1"
174646,3,3,2,"C","c","Cc2"
174647,3,3,2,"C","c","Cc2"
174648,3,3,1,"C","c","Cc1"
174649,3,3,1,"C","c","Cc1"
174650,3,3,1,"C","c","Cc1"
174651,3,3,4,"C","c","Cc4"
174652,3,2,1,"C","b","Cb1"
174653,3,3,1,"C","c","Cc1"
174654,3,1,4,"C","a","Ca4"
174655,3,3,4,"C","c","Cc4"
174656,2,2,4,"B","b","Bb4"
175320,1,4,1,"A","d","Ad1"
175321,2,4,2,"B","d","Bd2"
175322,2,4,1,"B","d","Bd1"
175323,2,4,2,"B","d","Bd2"
175324,2,4,2,"B","d","Bd2"
175325,2,4,2,"B","d","Bd2"
175326,2,4,1,"B","d","Bd1"
175327,2,4,2,"B","d","Bd2"
175328,2,4,2,"B","d","Bd2"
175329,2,4,2,"B","d","Bd2"
175330,2,4,2,"B","d","Bd2"
175331,1,4,1,"A","d","Ad1"
175332,1,4,1,"A","d","Ad1"
175333,1,3,1,"A","c","Ac1"
175334,1,3,1,"A","c","Ac1"
175999,1,4,1,"A","d","Ad1"
176000,1,4,1,"A","d","Ad1"
176001,2,3,1,"B","c","Bc1"
176002,3,4,2,"C","d","Cd2"
176003,2,4,2,"B","d","Bd2"
176004,2,4,2,"B","d","Bd2"
176005,2,4,2,"B","d","Bd2"
176006,2,4,2,"B","d","Bd2"
176007,2,4,2,"B","d","Bd2"
176008,1,4,2,"A","d","Ad2"
176009,1,4,2,"A","d","Ad2"
176010,1,4,2,"A","d","Ad2"
176011,1,4,1,"A","d","Ad1"
176012,1,4,2,"A","d","Ad2"
176678,1,4,2,"A","d","Ad2"
176679,1,4,2,"A","d","Ad2"
176680,2,3,2,"B","c","Bc2"
176681,2,4,2,"B","d","Bd2"
176682,2,4,2,"B","d","Bd2"
176683,1,4,2,"A","d","Ad2"
176684,1,4,2,"A","d","Ad2"
176685,1,4,2,"A","d","Ad2"
176686,1,4,2,"A","d","Ad2"
176687,1,4,2,"A","d","Ad2"
176688,1,4,2,"A","d","Ad2"
176689,1,4,2,"A","d","Ad2"
176690,1,4,1,"A","d","Ad1"
176691,1,4,2,"A","d","Ad2"
177357,1,4,2,"A","d","Ad2"
177358,1,4,2,"A","d","Ad2"
177359,2,3,2,"B","c","Bc2"
177360,2,3,2,"B","c","Bc2"
177361,1,3,2,"A","c","Ac2"
177362,1,4,2,"A","d","Ad2"
177363,1,4,2,"A","d","Ad2"
177366,1,4,2,"A","d","Ad2"
177367,1,4,2,"A","d","Ad2"
178037,1,4,2,"A","d","Ad2"
178038,1,4,2,"A","d","Ad2"
178039,1,3,1,"A","c","Ac1"
178040,1,3,2,"A","c","Ac2"
178041,1,4,2,"A","d","Ad2"
183459,1,4,2,"A","d","Ad2"
183460,1,4,1,"A","d","Ad1"
183461,1,4,1,"A","d","Ad1"
183462,1,3,1,"A","c","Ac1"
184135,2,2,2,"B","b","Bb2"
184136,1,3,2,"A","c","Ac2"
184137,1,3,1,"A","c","Ac1"
184138,1,3,2,"A","c","Ac2"
184139,1,2,1,"A","b","Ab1"
184140,1,2,1,"A","b","Ab1"
184141,2,3,2,"B","c","Bc2"
184142,2,4,1,"B","d","Bd1"
184813,2,2,2,"B","b","Bb2"
184814,2,2,1,"B","b","Bb1"
184815,1,2,1,"A","b","Ab1"
184816,1,2,1,"A","b","Ab1"
184817,1,3,1,"A","c","Ac1"
184818,1,2,2,"A","b","Ab2"
184819,2,2,1,"B","b","Bb1"
184820,1,3,2,"A","c","Ac2"
184821,1,4,1,"A","d","Ad1"
185492,2,3,1,"B","c","Bc1"
185493,1,2,1,"A","b","Ab1"
185494,1,2,1,"A","b","Ab1"
185495,1,3,2,"A","c","Ac2"
185496,2,3,1,"B","c","Bc1"
185497,2,3,1,"B","c","Bc1"
185498,1,4,1,"A","d","Ad1"
185499,1,4,1,"A","d","Ad1"
185500,1,4,2,"A","d","Ad2"
186167,2,2,2,"B","b","Bb2"
186168,4,2,2,"D","b","Db2"
186169,4,2,2,"D","b","Db2"
186170,4,1,2,"D","a","Da2"
186171,2,2,1,"B","b","Bb1"
186172,1,2,1,"A","b","Ab1"
186173,1,3,1,"A","c","Ac1"
186174,1,4,1,"A","d","Ad1"
186175,1,4,1,"A","d","Ad1"
186176,1,4,2,"A","d","Ad2"
186177,1,4,2,"A","d","Ad2"
186178,1,4,2,"A","d","Ad2"
186179,1,4,1,"A","d","Ad1"
186845,2,2,1,"B","b","Bb1"
186846,1,1,2,"A","a","Aa2"
186847,2,2,1,"B","b","Bb1"
186848,2,2,2,"B","b","Bb2"
186849,1,3,1,"A","c","Ac1"
186850,1,2,2,"A","b","Ab2"
186851,1,3,2,"A","c","Ac2"
186852,2,3,1,"B","c","Bc1"
186853,1,4,1,"A","d","Ad1"
186854,1,4,1,"A","d","Ad1"
186855,1,4,2,"A","d","Ad2"
186856,1,4,2,"A","d","Ad2"
186857,1,4,2,"A","d","Ad2"
187524,2,2,1,"B","b","Bb1"
187525,1,2,2,"A","b","Ab2"
187526,1,2,1,"A","b","Ab1"
187527,1,2,1,"A","b","Ab1"
187528,2,2,2,"B","b","Bb2"
187529,2,3,2,"B","c","Bc2"
187530,2,3,2,"B","c","Bc2"
187531,2,3,2,"B","c","Bc2"
187532,1,4,2,"A","d","Ad2"
187533,1,3,2,"A","c","Ac2"
187534,1,4,2,"A","d","Ad2"
188203,1,3,2,"A","c","Ac2"
188204,1,3,2,"A","c","Ac2"
188205,2,3,2,"B","c","Bc2"
188206,2,4,2,"B","d","Bd2"
188207,2,4,1,"B","d","Bd1"
188208,3,4,2,"C","d","Cd2"
188209,2,4,2,"B","d","Bd2"
188210,2,3,2,"B","c","Bc2"
188211,1,3,2,"A","c","Ac2"
188212,1,4,2,"A","d","Ad2"
188213,1,4,2,"A","d","Ad2"
188882,1,3,2,"A","c","Ac2"
188883,1,3,2,"A","c","Ac2"
188884,1,4,2,"A","d","Ad2"
188885,1,4,2,"A","d","Ad2"
188886,2,4,2,"B","d","Bd2"
188887,2,4,2,"B","d","Bd2"
188888,2,4,2,"B","d","Bd2"
188889,1,4,2,"A","d","Ad2"
188890,1,4,1,"A","d","Ad1"
188891,1,4,2,"A","d","Ad2"
188892,1,4,2,"A","d","Ad2"
189561,1,3,1,"A","c","Ac1"
189562,1,3,1,"A","c","Ac1"
189563,1,4,1,"A","d","Ad1"
189564,1,4,1,"A","d","Ad1"
189565,1,4,2,"A","d","Ad2"
189566,1,4,2,"A","d","Ad2"
189567,1,4,2,"A","d","Ad2"
189568,1,4,2,"A","d","Ad2"
189569,1,4,2,"A","d","Ad2"
190240,1,3,2,"A","c","Ac2"
190241,1,4,1,"A","d","Ad1"
190242,1,4,1,"A","d","Ad1"
190243,1,4,1,"A","d","Ad1"
190244,1,4,1,"A","d","Ad1"
190245,1,4,1,"A","d","Ad1"
190246,1,4,1,"A","d","Ad1"
190247,1,4,2,"A","d","Ad2"
190920,1,3,1,"A","c","Ac1"
190921,1,4,1,"A","d","Ad1"
190922,1,4,2,"A","d","Ad2"
190923,1,4,2,"A","d","Ad2"
190924,1,4,2,"A","d","Ad2"
190925,1,4,2,"A","d","Ad2"
190928,1,4,2,"A","d","Ad2"
190929,1,4,2,"A","d","Ad2"
190930,1,4,2,"A","d","Ad2"
190931,1,4,1,"A","d","Ad1"
190932,1,4,1,"A","d","Ad1"
190933,1,4,1,"A","d","Ad1"
191599,2,3,1,"B","c","Bc1"
191600,1,3,1,"A","c","Ac1"
191601,1,4,2,"A","d","Ad2"
191602,1,3,1,"A","c","Ac1"
191603,1,4,2,"A","d","Ad2"
191606,1,4,2,"A","d","Ad2"
191607,1,4,2,"A","d","Ad2"
191608,2,4,2,"B","d","Bd2"
191609,2,3,2,"B","c","Bc2"
191610,2,4,4,"B","d","Bd4"
191611,1,4,1,"A","d","Ad1"
191612,1,4,2,"A","d","Ad2"
191613,1,3,1,"A","c","Ac1"
192283,1,4,1,"A","d","Ad1"
192284,2,4,4,"B","d","Bd4"
192285,2,4,4,"B","d","Bd4"
192286,3,4,4,"C","d","Cd4"
192287,3,3,1,"C","c","Cc1"
192288,3,3,1,"C","c","Cc1"
192289,2,3,4,"B","c","Bc4"
192290,2,3,2,"B","c","Bc2"
192291,2,4,4,"B","d","Bd4"
192292,1,4,1,"A","d","Ad1"
192957,2,3,2,"B","c","Bc2"
192958,2,2,1,"B","b","Bb1"
192959,2,1,1,"B","a","Ba1"
192960,2,3,1,"B","c","Bc1"
192961,2,1,1,"B","a","Ba1"
192962,2,2,2,"B","b","Bb2"
192963,2,2,1,"B","b","Bb1"
192964,3,3,4,"C","c","Cc4"
192965,3,3,4,"C","c","Cc4"
192966,2,3,1,"B","c","Bc1"
192967,2,4,1,"B","d","Bd1"
192968,1,4,4,"A","d","Ad4"
192969,1,4,1,"A","d","Ad1"
192970,1,4,4,"A","d","Ad4"
192971,1,4,1,"A","d","Ad1"
193634,2,2,1,"B","b","Bb1"
193635,2,2,1,"B","b","Bb1"
193636,3,1,1,"C","a","Ca1"
193637,3,1,4,"C","a","Ca4"
193638,3,1,4,"C","a","Ca4"
193639,3,1,4,"C","a","Ca4"
193640,3,2,1,"C","b","Cb1"
193641,3,1,1,"C","a","Ca1"
193642,3,2,1,"C","b","Cb1"
193643,2,3,1,"B","c","Bc1"
193644,2,4,1,"B","d","Bd1"
193645,1,4,1,"A","d","Ad1"
193646,1,4,1,"A","d","Ad1"
193647,1,4,1,"A","d","Ad1"
193648,1,4,2,"A","d","Ad2"
193649,1,4,4,"A","d","Ad4"
194313,3,1,4,"C","a","Ca4"
194314,3,1,4,"C","a","Ca4"
194315,3,1,1,"C","a","Ca1"
194316,3,1,1,"C","a","Ca1"
194317,3,2,3,"C","b","Cb3"
194318,3,2,4,"C","b","Cb4"
194319,4,2,1,"D","b","Db1"
194320,3,3,2,"C","c","Cc2"
194321,2,3,1,"B","c","Bc1"
194322,2,3,1,"B","c","Bc1"
194323,1,4,2,"A","d","Ad2"
194324,1,4,1,"A","d","Ad1"
194325,1,4,2,"A","d","Ad2"
194326,1,3,1,"A","c","Ac1"
194327,1,4,2,"A","d","Ad2"
194992,3,1,1,"C","a","Ca1"
194993,3,2,2,"C","b","Cb2"
194994,3,3,2,"C","c","Cc2"
194995,3,3,2,"C","c","Cc2"
194996,2,4,1,"B","d","Bd1"
194997,2,3,2,"B","c","Bc2"
194998,3,3,2,"C","c","Cc2"
194999,2,4,1,"B","d","Bd1"
195000,2,4,1,"B","d","Bd1"
195001,2,3,2,"B","c","Bc2"
195002,1,3,1,"A","c","Ac1"
195003,1,4,1,"A","d","Ad1"
195004,1,3,2,"A","c","Ac2"
195005,1,4,2,"A","d","Ad2"
195671,2,4,2,"B","d","Bd2"
195672,2,4,2,"B","d","Bd2"
195673,3,4,2,"C","d","Cd2"
195674,3,4,2,"C","d","Cd2"
195675,2,4,2,"B","d","Bd2"
195676,2,4,2,"B","d","Bd2"
195677,2,4,2,"B","d","Bd2"
195678,2,4,2,"B","d","Bd2"
195679,2,4,2,"B","d","Bd2"
195680,1,3,2,"A","c","Ac2"
195681,1,4,2,"A","d","Ad2"
195682,1,4,1,"A","d","Ad1"
195683,1,4,1,"A","d","Ad1"
195684,1,4,2,"A","d","Ad2"
196350,2,4,1,"B","d","Bd1"
196351,1,4,1,"A","d","Ad1"
196352,2,4,2,"B","d","Bd2"
196353,2,4,1,"B","d","Bd1"
196354,2,4,2,"B","d","Bd2"
196355,1,4,2,"A","d","Ad2"
196356,1,4,2,"A","d","Ad2"
196357,1,4,2,"A","d","Ad2"
196358,1,4,2,"A","d","Ad2"
196359,1,4,2,"A","d","Ad2"
196360,1,4,2,"A","d","Ad2"
196361,1,4,2,"A","d","Ad2"
196362,1,4,1,"A","d","Ad1"
196363,1,4,2,"A","d","Ad2"
197030,1,4,2,"A","d","Ad2"
197031,1,4,2,"A","d","Ad2"
197032,1,4,2,"A","d","Ad2"
197033,1,4,2,"A","d","Ad2"
197034,1,4,2,"A","d","Ad2"
197035,1,4,1,"A","d","Ad1"
197036,1,4,2,"A","d","Ad2"
197037,1,4,2,"A","d","Ad2"
197038,1,4,2,"A","d","Ad2"
197039,1,4,2,"A","d","Ad2"
197040,1,4,2,"A","d","Ad2"
197041,1,4,1,"A","d","Ad1"
197042,1,4,2,"A","d","Ad2"
197709,1,4,2,"A","d","Ad2"
197710,1,4,1,"A","d","Ad1"
197711,1,4,2,"A","d","Ad2"
197712,1,4,2,"A","d","Ad2"
197713,1,4,1,"A","d","Ad1"
197714,1,4,2,"A","d","Ad2"
197715,1,4,2,"A","d","Ad2"
197716,1,4,2,"A","d","Ad2"
197717,1,4,2,"A","d","Ad2"
197718,1,4,2,"A","d","Ad2"
197844,4,3,1,"D","c","Dc1"
197845,2,3,1,"B","c","Bc1"
197846,2,3,1,"B","c","Bc1"
197847,1,4,2,"A","d","Ad2"
198389,1,4,2,"A","d","Ad2"
198390,1,4,2,"A","d","Ad2"
198391,1,4,2,"A","d","Ad2"
198392,1,4,2,"A","d","Ad2"
198393,1,4,2,"A","d","Ad2"
198522,3,1,1,"C","a","Ca1"
198523,3,3,1,"C","c","Cc1"
198524,1,4,1,"A","d","Ad1"
198525,1,3,2,"A","c","Ac2"
198526,1,3,1,"A","c","Ac1"
198527,1,2,1,"A","b","Ab1"
199200,3,3,1,"C","c","Cc1"
199201,3,2,1,"C","b","Cb1"
199202,2,3,1,"B","c","Bc1"
199203,1,4,1,"A","d","Ad1"
199204,1,3,2,"A","c","Ac2"
199205,1,2,1,"A","b","Ab1"
199206,1,1,2,"A","a","Aa2"
199879,2,2,1,"B","b","Bb1"
199880,2,3,1,"B","c","Bc1"
199881,1,3,2,"A","c","Ac2"
199882,1,3,1,"A","c","Ac1"
199883,1,3,2,"A","c","Ac2"
199884,1,3,1,"A","c","Ac1"
200557,3,2,1,"C","b","Cb1"
200558,2,3,1,"B","c","Bc1"
200559,2,2,1,"B","b","Bb1"
200560,1,2,2,"A","b","Ab2"
200561,1,3,1,"A","c","Ac1"
200562,1,2,2,"A","b","Ab2"
200563,2,1,3,"B","a","Ba3"
201236,3,2,1,"C","b","Cb1"
201237,2,3,1,"B","c","Bc1"
201238,2,2,1,"B","b","Bb1"
201239,1,3,2,"A","c","Ac2"
201240,2,2,1,"B","b","Bb1"
201241,2,1,4,"B","a","Ba4"
201242,3,1,3,"C","a","Ca3"
201915,2,3,1,"B","c","Bc1"
201916,2,3,1,"B","c","Bc1"
201917,2,2,2,"B","b","Bb2"
201918,2,2,2,"B","b","Bb2"
201919,3,1,4,"C","a","Ca4"
201920,3,1,4,"C","a","Ca4"
201921,3,1,4,"C","a","Ca4"
202595,3,2,1,"C","b","Cb1"
202596,3,1,3,"C","a","Ca3"
202597,3,1,3,"C","a","Ca3"
202598,4,1,4,"D","a","Da4"
203868,2,2,1,"B","b","Bb1"
203869,2,3,1,"B","c","Bc1"
204545,3,3,4,"C","c","Cc4"
204546,3,4,1,"C","d","Cd1"
204547,3,3,4,"C","c","Cc4"
204548,2,2,1,"B","b","Bb1"
204549,2,3,1,"B","c","Bc1"
204550,1,3,1,"A","c","Ac1"
205224,3,4,2,"C","d","Cd2"
205225,4,4,4,"D","d","Dd4"
205226,4,1,4,"D","a","Da4"
205227,3,3,1,"C","c","Cc1"
205228,2,2,1,"B","b","Bb1"
205229,1,4,1,"A","d","Ad1"
205903,2,4,2,"B","d","Bd2"
205904,2,3,4,"B","c","Bc4"
205905,3,4,1,"C","d","Cd1"
205906,3,3,1,"C","c","Cc1"
205907,2,3,2,"B","c","Bc2"
205908,1,4,2,"A","d","Ad2"
205909,1,3,2,"A","c","Ac2"
205910,1,2,2,"A","b","Ab2"
206582,1,4,2,"A","d","Ad2"
206583,1,4,1,"A","d","Ad1"
206584,2,4,2,"B","d","Bd2"
206585,2,3,2,"B","c","Bc2"
206586,2,4,2,"B","d","Bd2"
206587,1,3,2,"A","c","Ac2"
206588,1,4,1,"A","d","Ad1"
206589,1,3,1,"A","c","Ac1"
206590,2,3,1,"B","c","Bc1"
206611,1,4,4,"A","d","Ad4"
207262,1,4,1,"A","d","Ad1"
207263,1,4,1,"A","d","Ad1"
207264,1,4,1,"A","d","Ad1"
207265,1,3,4,"A","c","Ac4"
207266,2,1,1,"B","a","Ba1"
207267,1,2,4,"A","b","Ab4"
207268,1,3,1,"A","c","Ac1"
207269,2,2,1,"B","b","Bb1"
207289,1,4,1,"A","d","Ad1"
207290,1,4,2,"A","d","Ad2"
207291,2,4,4,"B","d","Bd4"
207292,2,2,1,"B","b","Bb1"
207942,1,4,2,"A","d","Ad2"
207943,1,4,2,"A","d","Ad2"
207944,1,4,2,"A","d","Ad2"
207945,2,2,2,"B","b","Bb2"
207946,2,1,2,"B","a","Ba2"
207947,1,1,2,"A","a","Aa2"
207948,2,2,1,"B","b","Bb1"
207967,1,4,2,"A","d","Ad2"
207968,1,4,4,"A","d","Ad4"
207969,2,4,4,"B","d","Bd4"
207970,2,4,1,"B","d","Bd1"
207971,2,4,4,"B","d","Bd4"
208620,1,4,1,"A","d","Ad1"
208621,1,4,1,"A","d","Ad1"
208622,1,4,2,"A","d","Ad2"
208623,1,4,2,"A","d","Ad2"
208624,2,3,1,"B","c","Bc1"
208625,2,1,2,"B","a","Ba2"
208626,1,1,3,"A","a","Aa3"
208627,1,1,1,"A","a","Aa1"
208645,1,4,2,"A","d","Ad2"
208646,1,4,1,"A","d","Ad1"
208647,2,4,4,"B","d","Bd4"
208648,2,4,4,"B","d","Bd4"
208649,2,4,1,"B","d","Bd1"
208650,1,4,4,"A","d","Ad4"
208651,2,3,3,"B","c","Bc3"
208655,2,1,4,"B","a","Ba4"
208656,4,1,2,"D","a","Da2"
208657,4,2,2,"D","b","Db2"
208658,4,2,1,"D","b","Db1"
209297,4,2,1,"D","b","Db1"
209298,3,4,4,"C","d","Cd4"
209299,2,4,2,"B","d","Bd2"
209300,1,4,2,"A","d","Ad2"
209301,1,3,2,"A","c","Ac2"
209302,1,3,2,"A","c","Ac2"
209303,1,2,1,"A","b","Ab1"
209304,1,1,1,"A","a","Aa1"
209305,1,1,1,"A","a","Aa1"
209324,2,4,1,"B","d","Bd1"
209325,2,3,1,"B","c","Bc1"
209326,3,4,1,"C","d","Cd1"
209327,3,3,4,"C","c","Cc4"
209328,2,2,4,"B","b","Bb4"
209329,2,1,4,"B","a","Ba4"
209330,2,1,4,"B","a","Ba4"
209331,2,1,4,"B","a","Ba4"
209334,3,1,1,"C","a","Ca1"
209335,4,1,2,"D","a","Da2"
209336,4,1,2,"D","a","Da2"
209337,4,2,1,"D","b","Db1"
209338,3,3,1,"C","c","Cc1"
209975,4,3,4,"D","c","Dc4"
209976,4,1,1,"D","a","Da1"
209977,3,1,4,"C","a","Ca4"
209978,2,4,4,"B","d","Bd4"
209979,2,2,2,"B","b","Bb2"
209980,2,3,2,"B","c","Bc2"
209981,2,3,2,"B","c","Bc2"
209982,2,2,1,"B","b","Bb1"
209983,2,2,1,"B","b","Bb1"
210003,2,4,2,"B","d","Bd2"
210004,3,4,2,"C","d","Cd2"
210005,3,3,2,"C","c","Cc2"
210006,4,3,2,"D","c","Dc2"
210007,4,2,2,"D","b","Db2"
210008,4,1,2,"D","a","Da2"
210009,4,1,4,"D","a","Da4"
210010,3,1,4,"C","a","Ca4"
210011,3,1,4,"C","a","Ca4"
210013,3,1,1,"C","a","Ca1"
210014,4,2,1,"D","b","Db1"
210015,4,1,1,"D","a","Da1"
210016,4,2,1,"D","b","Db1"
210017,3,3,1,"C","c","Cc1"
210653,4,4,1,"D","d","Dd1"
210654,3,4,1,"C","d","Cd1"
210655,3,4,4,"C","d","Cd4"
210656,3,4,2,"C","d","Cd2"
210657,3,4,2,"C","d","Cd2"
210658,3,2,2,"C","b","Cb2"
210659,4,1,2,"D","a","Da2"
210660,4,3,1,"D","c","Dc1"
210661,3,3,1,"C","c","Cc1"
210662,2,1,1,"B","a","Ba1"
210682,1,4,1,"A","d","Ad1"
210683,2,4,1,"B","d","Bd1"
210684,3,4,2,"C","d","Cd2"
210685,4,4,2,"D","d","Dd2"
210686,4,3,2,"D","c","Dc2"
210687,4,2,2,"D","b","Db2"
210688,4,1,3,"D","a","Da3"
210689,4,1,4,"D","a","Da4"
210690,4,1,4,"D","a","Da4"
210691,4,1,4,"D","a","Da4"
210692,3,1,1,"C","a","Ca1"
210693,4,1,1,"D","a","Da1"
210694,4,1,2,"D","a","Da2"
210695,4,2,1,"D","b","Db1"
210696,4,3,1,"D","c","Dc1"
211331,4,1,4,"D","a","Da4"
211332,4,3,4,"D","c","Dc4"
211333,3,3,4,"C","c","Cc4"
211334,3,4,4,"C","d","Cd4"
211335,4,2,2,"D","b","Db2"
211336,4,2,2,"D","b","Db2"
211337,4,2,2,"D","b","Db2"
211338,4,2,1,"D","b","Db1"
211339,4,1,1,"D","a","Da1"
211340,3,2,1,"C","b","Cb1"
211341,3,1,1,"C","a","Ca1"
211361,1,4,2,"A","d","Ad2"
211362,2,4,4,"B","d","Bd4"
211363,3,4,2,"C","d","Cd2"
211364,4,3,2,"D","c","Dc2"
211365,4,3,2,"D","c","Dc2"
211366,4,2,2,"D","b","Db2"
211367,4,1,4,"D","a","Da4"
211368,4,1,2,"D","a","Da2"
211369,4,1,1,"D","a","Da1"
211370,4,1,1,"D","a","Da1"
211371,3,1,1,"C","a","Ca1"
211372,4,1,1,"D","a","Da1"
211373,4,2,1,"D","b","Db1"
211374,4,2,2,"D","b","Db2"
211375,4,2,1,"D","b","Db1"
212009,4,1,4,"D","a","Da4"
212010,4,1,4,"D","a","Da4"
212011,4,1,4,"D","a","Da4"
212012,4,1,4,"D","a","Da4"
212013,3,3,4,"C","c","Cc4"
212014,4,3,2,"D","c","Dc2"
212015,4,3,2,"D","c","Dc2"
212016,4,2,2,"D","b","Db2"
212017,4,2,1,"D","b","Db1"
212018,4,2,1,"D","b","Db1"
212019,4,3,1,"D","c","Dc1"
212020,3,3,1,"C","c","Cc1"
212040,2,4,1,"B","d","Bd1"
212041,1,4,2,"A","d","Ad2"
212042,2,4,2,"B","d","Bd2"
212043,3,2,2,"C","b","Cb2"
212044,3,2,2,"C","b","Cb2"
212045,4,2,2,"D","b","Db2"
212046,4,1,2,"D","a","Da2"
212047,4,1,1,"D","a","Da1"
212048,4,1,1,"D","a","Da1"
212049,4,1,1,"D","a","Da1"
212050,4,1,1,"D","a","Da1"
212051,4,1,1,"D","a","Da1"
212052,4,2,1,"D","b","Db1"
212053,3,3,1,"C","c","Cc1"
212688,4,2,4,"D","b","Db4"
212689,4,1,4,"D","a","Da4"
212690,4,1,4,"D","a","Da4"
212691,3,1,4,"C","a","Ca4"
212692,3,2,4,"C","b","Cb4"
212693,3,2,2,"C","b","Cb2"
212694,4,2,2,"D","b","Db2"
212695,4,1,1,"D","a","Da1"
212696,4,2,1,"D","b","Db1"
212697,4,2,1,"D","b","Db1"
212698,4,3,1,"D","c","Dc1"
212699,2,4,1,"B","d","Bd1"
212720,1,4,2,"A","d","Ad2"
212721,1,4,4,"A","d","Ad4"
212722,2,3,2,"B","c","Bc2"
212723,3,4,1,"C","d","Cd1"
212724,3,2,2,"C","b","Cb2"
212725,4,2,2,"D","b","Db2"
212726,4,2,1,"D","b","Db1"
212727,4,1,1,"D","a","Da1"
212728,4,1,1,"D","a","Da1"
212729,4,1,1,"D","a","Da1"
212730,4,1,1,"D","a","Da1"
212731,4,2,1,"D","b","Db1"
213366,4,2,4,"D","b","Db4"
213367,4,3,4,"D","c","Dc4"
213368,4,1,4,"D","a","Da4"
213369,3,4,4,"C","d","Cd4"
213370,3,4,4,"C","d","Cd4"
213371,3,2,1,"C","b","Cb1"
213372,4,3,4,"D","c","Dc4"
213373,3,1,4,"C","a","Ca4"
213374,4,1,1,"D","a","Da1"
213375,4,2,1,"D","b","Db1"
213376,4,3,1,"D","c","Dc1"
213377,3,3,1,"C","c","Cc1"
213378,2,3,2,"B","c","Bc2"
213400,1,3,2,"A","c","Ac2"
213401,2,4,2,"B","d","Bd2"
213402,2,2,2,"B","b","Bb2"
213403,3,2,2,"C","b","Cb2"
213404,4,1,1,"D","a","Da1"
213405,4,1,1,"D","a","Da1"
213406,4,2,1,"D","b","Db1"
213407,4,1,1,"D","a","Da1"
213408,4,2,1,"D","b","Db1"
213409,4,2,1,"D","b","Db1"
214045,3,3,4,"C","c","Cc4"
214046,2,1,4,"B","a","Ba4"
214047,3,2,2,"C","b","Cb2"
214048,3,3,2,"C","c","Cc2"
214049,3,2,2,"C","b","Cb2"
214050,4,2,2,"D","b","Db2"
214051,4,2,1,"D","b","Db1"
214052,3,1,1,"C","a","Ca1"
214053,3,1,1,"C","a","Ca1"
214054,3,2,1,"C","b","Cb1"
214055,3,3,1,"C","c","Cc1"
214056,2,3,1,"B","c","Bc1"
214078,1,2,2,"A","b","Ab2"
214079,1,4,4,"A","d","Ad4"
214080,1,4,1,"A","d","Ad1"
214081,2,4,1,"B","d","Bd1"
214082,3,2,1,"C","b","Cb1"
214083,3,1,1,"C","a","Ca1"
214084,4,1,1,"D","a","Da1"
214085,4,1,1,"D","a","Da1"
214086,4,1,1,"D","a","Da1"
214087,4,2,1,"D","b","Db1"
214088,4,2,1,"D","b","Db1"
214089,3,1,1,"C","a","Ca1"
214723,3,4,4,"C","d","Cd4"
214724,2,3,4,"B","c","Bc4"
214725,2,4,4,"B","d","Bd4"
214726,2,3,2,"B","c","Bc2"
214727,3,2,4,"C","b","Cb4"
214728,4,1,1,"D","a","Da1"
214729,4,1,1,"D","a","Da1"
214730,4,1,1,"D","a","Da1"
214731,4,1,1,"D","a","Da1"
214732,3,1,1,"C","a","Ca1"
214733,3,2,1,"C","b","Cb1"
214734,3,2,1,"C","b","Cb1"
214757,1,2,2,"A","b","Ab2"
214758,1,2,2,"A","b","Ab2"
214759,1,2,1,"A","b","Ab1"
214760,2,1,4,"B","a","Ba4"
214761,3,1,1,"C","a","Ca1"
214762,3,1,1,"C","a","Ca1"
214763,3,1,2,"C","a","Ca2"
214764,4,1,1,"D","a","Da1"
214765,4,1,1,"D","a","Da1"
214766,4,1,1,"D","a","Da1"
214767,4,1,1,"D","a","Da1"
214768,4,1,1,"D","a","Da1"
215389,4,4,4,"D","d","Dd4"
215390,4,1,4,"D","a","Da4"
215391,4,2,4,"D","b","Db4"
215392,4,1,4,"D","a","Da4"
215401,3,3,4,"C","c","Cc4"
215402,2,3,4,"B","c","Bc4"
215403,2,4,4,"B","d","Bd4"
215404,1,4,4,"A","d","Ad4"
215405,2,3,2,"B","c","Bc2"
215406,3,2,2,"C","b","Cb2"
215407,4,2,2,"D","b","Db2"
215408,4,2,1,"D","b","Db1"
215409,4,1,1,"D","a","Da1"
215410,4,1,1,"D","a","Da1"
215411,3,2,2,"C","b","Cb2"
215412,3,2,1,"C","b","Cb1"
215413,3,2,1,"C","b","Cb1"
215436,1,1,4,"A","a","Aa4"
215437,1,1,4,"A","a","Aa4"
215438,2,1,4,"B","a","Ba4"
215439,3,1,4,"C","a","Ca4"
215440,4,1,4,"D","a","Da4"
215441,3,1,4,"C","a","Ca4"
215442,3,1,4,"C","a","Ca4"
215443,4,1,1,"D","a","Da1"
215444,4,1,2,"D","a","Da2"
215445,4,1,1,"D","a","Da1"
215446,4,2,1,"D","b","Db1"
215447,4,2,1,"D","b","Db1"
216067,2,3,4,"B","c","Bc4"
216068,3,4,3,"C","d","Cd3"
216069,4,1,4,"D","a","Da4"
216070,4,1,4,"D","a","Da4"
216071,4,1,4,"D","a","Da4"
216072,4,1,4,"D","a","Da4"
216079,3,1,4,"C","a","Ca4"
216080,3,3,2,"C","c","Cc2"
216081,2,4,4,"B","d","Bd4"
216082,2,4,4,"B","d","Bd4"
216083,1,2,2,"A","b","Ab2"
216084,2,3,2,"B","c","Bc2"
216085,3,2,1,"C","b","Cb1"
216086,4,2,1,"D","b","Db1"
216087,4,2,1,"D","b","Db1"
216088,4,2,1,"D","b","Db1"
216089,4,2,2,"D","b","Db2"
216090,4,3,1,"D","c","Dc1"
216091,3,3,1,"C","c","Cc1"
216114,1,2,2,"A","b","Ab2"
216115,1,1,4,"A","a","Aa4"
216116,1,1,4,"A","a","Aa4"
216117,2,1,4,"B","a","Ba4"
216118,3,1,4,"C","a","Ca4"
216119,4,1,4,"D","a","Da4"
216120,4,1,4,"D","a","Da4"
216121,4,1,1,"D","a","Da1"
216122,4,1,1,"D","a","Da1"
216123,4,1,1,"D","a","Da1"
216124,4,2,1,"D","b","Db1"
216125,4,2,1,"D","b","Db1"
216126,4,2,1,"D","b","Db1"
216744,2,4,2,"B","d","Bd2"
216745,2,3,2,"B","c","Bc2"
216746,3,1,2,"C","a","Ca2"
216747,3,3,2,"C","c","Cc2"
216748,4,1,4,"D","a","Da4"
216749,4,1,4,"D","a","Da4"
216750,4,1,4,"D","a","Da4"
216751,4,1,4,"D","a","Da4"
216752,4,1,4,"D","a","Da4"
216758,4,1,1,"D","a","Da1"
216759,3,1,1,"C","a","Ca1"
216760,3,2,1,"C","b","Cb1"
216761,2,2,2,"B","b","Bb2"
216762,3,3,2,"C","c","Cc2"
216763,4,3,2,"D","c","Dc2"
216764,4,2,2,"D","b","Db2"
216765,4,1,1,"D","a","Da1"
216766,4,1,1,"D","a","Da1"
216769,4,3,1,"D","c","Dc1"
216792,1,4,4,"A","d","Ad4"
216793,1,1,2,"A","a","Aa2"
216794,2,1,2,"B","a","Ba2"
216795,2,1,4,"B","a","Ba4"
216796,2,1,4,"B","a","Ba4"
216797,3,1,4,"C","a","Ca4"
216798,4,1,4,"D","a","Da4"
216799,4,1,3,"D","a","Da3"
216800,4,1,2,"D","a","Da2"
216801,4,2,1,"D","b","Db1"
216802,4,2,1,"D","b","Db1"
216803,4,2,1,"D","b","Db1"
216804,4,2,1,"D","b","Db1"
216805,4,2,1,"D","b","Db1"
217422,1,3,2,"A","c","Ac2"
217423,2,4,2,"B","d","Bd2"
217424,2,1,2,"B","a","Ba2"
217425,3,4,2,"C","d","Cd2"
217426,3,3,2,"C","c","Cc2"
217427,4,2,2,"D","b","Db2"
217428,4,1,2,"D","a","Da2"
217429,4,1,4,"D","a","Da4"
217430,4,1,4,"D","a","Da4"
217431,4,2,4,"D","b","Db4"
217436,2,1,2,"B","a","Ba2"
217437,3,1,2,"C","a","Ca2"
217438,3,1,1,"C","a","Ca1"
217439,3,2,2,"C","b","Cb2"
217440,3,3,2,"C","c","Cc2"
217441,3,2,1,"C","b","Cb1"
217442,4,3,2,"D","c","Dc2"
217443,4,2,1,"D","b","Db1"
217444,4,1,1,"D","a","Da1"
217445,4,1,1,"D","a","Da1"
217469,4,1,4,"D","a","Da4"
217470,4,2,4,"D","b","Db4"
217471,3,3,4,"C","c","Cc4"
217472,1,4,4,"A","d","Ad4"
217473,1,2,4,"A","b","Ab4"
217474,1,2,2,"A","b","Ab2"
217475,2,1,1,"B","a","Ba1"
217476,3,1,4,"C","a","Ca4"
217477,4,1,4,"D","a","Da4"
217478,4,1,4,"D","a","Da4"
217479,4,1,2,"D","a","Da2"
217480,4,2,2,"D","b","Db2"
217481,4,2,1,"D","b","Db1"
217482,4,2,1,"D","b","Db1"
217483,4,2,1,"D","b","Db1"
218098,1,3,2,"A","c","Ac2"
218099,1,3,2,"A","c","Ac2"
218100,1,1,2,"A","a","Aa2"
218101,2,1,2,"B","a","Ba2"
218102,2,3,2,"B","c","Bc2"
218103,2,3,2,"B","c","Bc2"
218104,3,2,2,"C","b","Cb2"
218105,4,3,2,"D","c","Dc2"
218106,4,2,2,"D","b","Db2"
218107,4,2,2,"D","b","Db2"
218108,4,1,4,"D","a","Da4"
218109,4,1,4,"D","a","Da4"
218110,4,1,2,"D","a","Da2"
218115,2,1,2,"B","a","Ba2"
218116,2,2,2,"B","b","Bb2"
218117,3,3,2,"C","c","Cc2"
218118,4,2,2,"D","b","Db2"
218119,4,2,2,"D","b","Db2"
218120,3,2,4,"C","b","Cb4"
218121,4,2,1,"D","b","Db1"
218122,4,2,1,"D","b","Db1"
218123,4,1,1,"D","a","Da1"
218124,4,1,1,"D","a","Da1"
218147,4,1,4,"D","a","Da4"
218148,4,1,4,"D","a","Da4"
218149,4,1,4,"D","a","Da4"
218150,4,2,4,"D","b","Db4"
218151,2,3,4,"B","c","Bc4"
218152,1,2,4,"A","b","Ab4"
218153,1,1,1,"A","a","Aa1"
218154,1,2,4,"A","b","Ab4"
218155,3,1,4,"C","a","Ca4"
218156,4,1,4,"D","a","Da4"
218157,4,1,3,"D","a","Da3"
218158,4,1,1,"D","a","Da1"
218159,4,2,1,"D","b","Db1"
218160,4,2,1,"D","b","Db1"
218161,4,2,1,"D","b","Db1"
218776,1,4,2,"A","d","Ad2"
218777,1,3,2,"A","c","Ac2"
218778,1,2,2,"A","b","Ab2"
218779,2,1,2,"B","a","Ba2"
218780,2,1,2,"B","a","Ba2"
218781,2,2,2,"B","b","Bb2"
218782,3,3,2,"C","c","Cc2"
218783,3,3,2,"C","c","Cc2"
218784,4,3,2,"D","c","Dc2"
218785,4,2,2,"D","b","Db2"
218786,4,2,1,"D","b","Db1"
218787,4,2,2,"D","b","Db2"
218788,4,2,2,"D","b","Db2"
218789,3,2,2,"C","b","Cb2"
218794,1,1,1,"A","a","Aa1"
218795,2,4,2,"B","d","Bd2"
218796,3,3,2,"C","c","Cc2"
218797,4,2,2,"D","b","Db2"
218798,4,2,1,"D","b","Db1"
218799,4,2,2,"D","b","Db2"
218800,4,2,1,"D","b","Db1"
218801,4,1,1,"D","a","Da1"
218802,4,1,1,"D","a","Da1"
218803,4,1,1,"D","a","Da1"
218826,4,2,4,"D","b","Db4"
218827,4,3,4,"D","c","Dc4"
218828,4,1,4,"D","a","Da4"
218829,4,1,4,"D","a","Da4"
218830,2,2,4,"B","b","Bb4"
218831,1,3,4,"A","c","Ac4"
218832,1,1,2,"A","a","Aa2"
218833,2,2,2,"B","b","Bb2"
218834,3,2,1,"C","b","Cb1"
218835,2,1,2,"B","a","Ba2"
219454,1,2,2,"A","b","Ab2"
219455,1,3,2,"A","c","Ac2"
219456,1,2,2,"A","b","Ab2"
219457,1,2,2,"A","b","Ab2"
219458,2,3,2,"B","c","Bc2"
219459,3,3,2,"C","c","Cc2"
219460,3,3,2,"C","c","Cc2"
219461,3,3,2,"C","c","Cc2"
219462,3,2,2,"C","b","Cb2"
219463,3,2,2,"C","b","Cb2"
219464,4,2,1,"D","b","Db1"
219465,4,2,2,"D","b","Db2"
219466,4,1,2,"D","a","Da2"
219467,4,1,2,"D","a","Da2"
219468,4,2,2,"D","b","Db2"
219473,1,1,1,"A","a","Aa1"
219474,1,3,1,"A","c","Ac1"
219475,3,2,1,"C","b","Cb1"
219476,3,1,1,"C","a","Ca1"
219477,4,2,1,"D","b","Db1"
219478,4,1,1,"D","a","Da1"
219479,4,1,1,"D","a","Da1"
219480,4,1,1,"D","a","Da1"
219481,4,1,1,"D","a","Da1"
219505,3,2,2,"C","b","Cb2"
219506,3,2,2,"C","b","Cb2"
219507,4,1,4,"D","a","Da4"
219508,4,1,4,"D","a","Da4"
219509,3,1,3,"C","a","Ca3"
219510,2,1,3,"B","a","Ba3"
219511,2,1,2,"B","a","Ba2"
219512,3,2,1,"C","b","Cb1"
219513,3,2,1,"C","b","Cb1"
219514,3,2,2,"C","b","Cb2"
220131,1,3,2,"A","c","Ac2"
220132,1,3,2,"A","c","Ac2"
220133,1,2,2,"A","b","Ab2"
220134,1,1,2,"A","a","Aa2"
220135,1,2,2,"A","b","Ab2"
220136,2,3,2,"B","c","Bc2"
220137,3,3,2,"C","c","Cc2"
220138,4,3,2,"D","c","Dc2"
220139,4,3,2,"D","c","Dc2"
220140,3,3,2,"C","c","Cc2"
220141,3,2,2,"C","b","Cb2"
220142,3,2,2,"C","b","Cb2"
220143,4,2,2,"D","b","Db2"
220144,4,2,2,"D","b","Db2"
220145,4,2,2,"D","b","Db2"
220146,4,1,2,"D","a","Da2"
220147,4,1,2,"D","a","Da2"
220151,2,2,1,"B","b","Bb1"
220152,1,2,1,"A","b","Ab1"
220153,1,1,4,"A","a","Aa4"
220154,3,1,1,"C","a","Ca1"
220155,3,1,1,"C","a","Ca1"
220156,3,2,1,"C","b","Cb1"
220157,4,1,1,"D","a","Da1"
220158,4,1,1,"D","a","Da1"
220159,4,1,1,"D","a","Da1"
220162,4,1,1,"D","a","Da1"
220163,4,2,1,"D","b","Db1"
220184,4,2,2,"D","b","Db2"
220185,4,2,2,"D","b","Db2"
220186,4,1,2,"D","a","Da2"
220187,4,1,3,"D","a","Da3"
220188,4,1,4,"D","a","Da4"
220189,4,1,4,"D","a","Da4"
220190,2,1,2,"B","a","Ba2"
220191,3,2,2,"C","b","Cb2"
220192,3,2,2,"C","b","Cb2"
220193,3,2,1,"C","b","Cb1"
220194,3,1,2,"C","a","Ca2"
220810,1,3,2,"A","c","Ac2"
220811,1,3,2,"A","c","Ac2"
220812,1,3,2,"A","c","Ac2"
220813,2,3,2,"B","c","Bc2"
220814,2,2,2,"B","b","Bb2"
220815,3,3,2,"C","c","Cc2"
220816,4,3,2,"D","c","Dc2"
220817,4,3,2,"D","c","Dc2"
220818,4,3,2,"D","c","Dc2"
220819,3,3,2,"C","c","Cc2"
220820,3,2,2,"C","b","Cb2"
220821,3,2,1,"C","b","Cb1"
220822,4,2,2,"D","b","Db2"
220823,4,1,1,"D","a","Da1"
220824,4,1,2,"D","a","Da2"
220825,4,1,2,"D","a","Da2"
220826,4,1,2,"D","a","Da2"
220829,4,2,2,"D","b","Db2"
220830,3,2,2,"C","b","Cb2"
220831,1,2,1,"A","b","Ab1"
220832,1,1,1,"A","a","Aa1"
220833,2,1,1,"B","a","Ba1"
220834,2,1,1,"B","a","Ba1"
220835,3,2,1,"C","b","Cb1"
220836,3,2,1,"C","b","Cb1"
220837,3,2,1,"C","b","Cb1"
220838,4,1,1,"D","a","Da1"
220839,4,1,1,"D","a","Da1"
220840,4,2,1,"D","b","Db1"
220841,4,2,1,"D","b","Db1"
220842,4,1,1,"D","a","Da1"
220843,4,2,1,"D","b","Db1"
220863,4,1,2,"D","a","Da2"
220864,4,2,2,"D","b","Db2"
220865,4,2,2,"D","b","Db2"
220866,4,1,3,"D","a","Da3"
220867,4,1,3,"D","a","Da3"
220868,4,1,4,"D","a","Da4"
220869,3,1,3,"C","a","Ca3"
220870,3,1,2,"C","a","Ca2"
220871,3,1,2,"C","a","Ca2"
220872,3,1,2,"C","a","Ca2"
220873,3,1,1,"C","a","Ca1"
221488,1,3,1,"A","c","Ac1"
221489,1,3,2,"A","c","Ac2"
221490,1,2,2,"A","b","Ab2"
221491,1,3,2,"A","c","Ac2"
221492,2,2,2,"B","b","Bb2"
221493,3,3,2,"C","c","Cc2"
221494,3,3,2,"C","c","Cc2"
221495,4,3,2,"D","c","Dc2"
221496,4,3,2,"D","c","Dc2"
221497,3,3,2,"C","c","Cc2"
221498,3,2,2,"C","b","Cb2"
221499,3,2,2,"C","b","Cb2"
221500,3,2,1,"C","b","Cb1"
221501,4,2,1,"D","b","Db1"
221502,4,1,2,"D","a","Da2"
221503,4,1,1,"D","a","Da1"
221504,4,1,2,"D","a","Da2"
221505,4,1,1,"D","a","Da1"
221508,4,2,2,"D","b","Db2"
221509,3,2,2,"C","b","Cb2"
221510,2,2,2,"B","b","Bb2"
221511,2,2,2,"B","b","Bb2"
221512,2,1,1,"B","a","Ba1"
221513,2,1,1,"B","a","Ba1"
221514,2,3,1,"B","c","Bc1"
221515,3,2,1,"C","b","Cb1"
221516,3,2,1,"C","b","Cb1"
221517,4,2,1,"D","b","Db1"
221518,4,2,1,"D","b","Db1"
221519,4,1,1,"D","a","Da1"
221520,4,1,1,"D","a","Da1"
221521,4,1,1,"D","a","Da1"
221522,4,2,1,"D","b","Db1"
221543,4,2,2,"D","b","Db2"
221544,4,2,2,"D","b","Db2"
221545,4,1,4,"D","a","Da4"
221546,4,1,4,"D","a","Da4"
221547,3,1,3,"C","a","Ca3"
221548,3,1,2,"C","a","Ca2"
221549,3,1,2,"C","a","Ca2"
221550,3,1,2,"C","a","Ca2"
221551,3,1,1,"C","a","Ca1"
221552,3,1,2,"C","a","Ca2"
221553,3,1,2,"C","a","Ca2"
222168,1,2,2,"A","b","Ab2"
222169,1,2,2,"A","b","Ab2"
222170,2,2,2,"B","b","Bb2"
222171,2,2,2,"B","b","Bb2"
222172,3,2,2,"C","b","Cb2"
222173,3,2,2,"C","b","Cb2"
222174,3,3,2,"C","c","Cc2"
222175,3,3,2,"C","c","Cc2"
222176,3,3,2,"C","c","Cc2"
222177,3,2,2,"C","b","Cb2"
222178,3,2,2,"C","b","Cb2"
222179,4,2,2,"D","b","Db2"
222180,4,2,1,"D","b","Db1"
222181,4,2,1,"D","b","Db1"
222182,4,1,2,"D","a","Da2"
222183,4,1,2,"D","a","Da2"
222187,4,2,2,"D","b","Db2"
222188,3,2,2,"C","b","Cb2"
222189,3,3,2,"C","c","Cc2"
222190,2,2,2,"B","b","Bb2"
222191,2,1,2,"B","a","Ba2"
222192,2,1,1,"B","a","Ba1"
222193,2,1,1,"B","a","Ba1"
222194,2,3,1,"B","c","Bc1"
222195,3,2,1,"C","b","Cb1"
222196,4,1,1,"D","a","Da1"
222197,4,1,1,"D","a","Da1"
222198,4,1,1,"D","a","Da1"
222199,4,2,1,"D","b","Db1"
222200,4,2,1,"D","b","Db1"
222201,4,2,1,"D","b","Db1"
222222,4,2,2,"D","b","Db2"
222223,3,2,2,"C","b","Cb2"
222224,3,1,2,"C","a","Ca2"
222225,3,1,2,"C","a","Ca2"
222226,2,2,2,"B","b","Bb2"
222227,3,2,2,"C","b","Cb2"
222228,3,1,2,"C","a","Ca2"
222229,4,1,2,"D","a","Da2"
222230,3,1,2,"C","a","Ca2"
222231,3,1,2,"C","a","Ca2"
222232,3,1,1,"C","a","Ca1"
222848,1,1,4,"A","a","Aa4"
222849,2,2,2,"B","b","Bb2"
222850,2,1,1,"B","a","Ba1"
222851,3,2,2,"C","b","Cb2"
222852,3,2,2,"C","b","Cb2"
222853,3,2,2,"C","b","Cb2"
222854,3,2,2,"C","b","Cb2"
222855,3,2,2,"C","b","Cb2"
222856,3,2,1,"C","b","Cb1"
222857,3,2,2,"C","b","Cb2"
222858,4,2,2,"D","b","Db2"
222859,4,2,2,"D","b","Db2"
222860,4,1,1,"D","a","Da1"
222861,4,1,2,"D","a","Da2"
222862,4,1,2,"D","a","Da2"
222864,4,2,1,"D","b","Db1"
222865,4,2,2,"D","b","Db2"
222866,4,2,2,"D","b","Db2"
222867,3,2,2,"C","b","Cb2"
222868,4,2,2,"D","b","Db2"
222869,3,2,2,"C","b","Cb2"
222870,2,1,2,"B","a","Ba2"
222871,2,1,1,"B","a","Ba1"
222872,2,1,1,"B","a","Ba1"
222873,3,2,1,"C","b","Cb1"
222874,3,2,1,"C","b","Cb1"
222875,4,2,1,"D","b","Db1"
222876,4,2,1,"D","b","Db1"
222877,4,1,1,"D","a","Da1"
222878,4,2,1,"D","b","Db1"
222879,4,2,1,"D","b","Db1"
222880,4,2,1,"D","b","Db1"
222905,3,2,2,"C","b","Cb2"
222906,3,2,2,"C","b","Cb2"
222907,4,1,2,"D","a","Da2"
222908,3,1,2,"C","a","Ca2"
222909,3,1,2,"C","a","Ca2"
222910,3,1,2,"C","a","Ca2"
222911,3,1,1,"C","a","Ca1"
223527,1,1,2,"A","a","Aa2"
223528,2,1,3,"B","a","Ba3"
223529,2,1,2,"B","a","Ba2"
223530,3,1,2,"C","a","Ca2"
223531,3,2,2,"C","b","Cb2"
223532,3,2,2,"C","b","Cb2"
223533,3,2,2,"C","b","Cb2"
223534,3,2,1,"C","b","Cb1"
223535,3,2,1,"C","b","Cb1"
223536,3,2,2,"C","b","Cb2"
223537,4,2,1,"D","b","Db1"
223538,4,2,1,"D","b","Db1"
223539,4,2,2,"D","b","Db2"
223540,4,1,2,"D","a","Da2"
223541,4,1,2,"D","a","Da2"
223542,4,1,2,"D","a","Da2"
223543,4,1,2,"D","a","Da2"
223544,4,1,1,"D","a","Da1"
223545,4,1,1,"D","a","Da1"
223546,4,2,2,"D","b","Db2"
223547,4,2,2,"D","b","Db2"
223548,3,2,2,"C","b","Cb2"
223549,2,1,2,"B","a","Ba2"
223550,2,1,1,"B","a","Ba1"
223551,2,1,1,"B","a","Ba1"
223552,3,1,1,"C","a","Ca1"
223553,4,1,1,"D","a","Da1"
223554,4,2,1,"D","b","Db1"
223555,4,2,1,"D","b","Db1"
223556,4,1,1,"D","a","Da1"
223557,4,1,1,"D","a","Da1"
223558,4,2,1,"D","b","Db1"
223587,3,1,2,"C","a","Ca2"
223588,4,1,2,"D","a","Da2"
223589,4,1,2,"D","a","Da2"
224207,3,1,4,"C","a","Ca4"
224208,3,1,4,"C","a","Ca4"
224209,3,1,4,"C","a","Ca4"
224210,3,1,2,"C","a","Ca2"
224211,3,1,2,"C","a","Ca2"
224212,3,2,2,"C","b","Cb2"
224213,2,2,1,"B","b","Bb1"
224214,3,2,2,"C","b","Cb2"
224215,3,2,1,"C","b","Cb1"
224216,4,2,1,"D","b","Db1"
224217,4,2,1,"D","b","Db1"
224218,4,1,1,"D","a","Da1"
224219,4,1,2,"D","a","Da2"
224220,4,1,2,"D","a","Da2"
224221,4,1,2,"D","a","Da2"
224222,4,1,2,"D","a","Da2"
224223,4,1,1,"D","a","Da1"
224224,3,1,2,"C","a","Ca2"
224225,3,2,2,"C","b","Cb2"
224226,4,2,2,"D","b","Db2"
224227,3,2,2,"C","b","Cb2"
224228,2,2,1,"B","b","Bb1"
224229,2,1,1,"B","a","Ba1"
224230,3,1,1,"C","a","Ca1"
224231,4,1,1,"D","a","Da1"
224232,4,1,1,"D","a","Da1"
224233,4,2,1,"D","b","Db1"
224886,3,1,4,"C","a","Ca4"
224887,3,1,4,"C","a","Ca4"
224888,3,1,4,"C","a","Ca4"
224889,3,1,4,"C","a","Ca4"
224890,3,1,2,"C","a","Ca2"
224891,3,1,1,"C","a","Ca1"
224892,3,1,1,"C","a","Ca1"
224893,3,1,1,"C","a","Ca1"
224894,4,1,1,"D","a","Da1"
224895,4,2,1,"D","b","Db1"
224896,4,1,1,"D","a","Da1"
224897,4,1,1,"D","a","Da1"
224898,4,1,1,"D","a","Da1"
224900,4,1,1,"D","a","Da1"
224901,4,1,1,"D","a","Da1"
224902,3,1,1,"C","a","Ca1"
224903,3,1,2,"C","a","Ca2"
224904,3,2,2,"C","b","Cb2"
224905,3,2,1,"C","b","Cb1"
224906,3,2,2,"C","b","Cb2"
224907,2,2,1,"B","b","Bb1"
224908,2,1,1,"B","a","Ba1"
224909,3,1,1,"C","a","Ca1"
224910,4,1,1,"D","a","Da1"
224911,4,1,1,"D","a","Da1"
225566,3,1,3,"C","a","Ca3"
225567,3,1,4,"C","a","Ca4"
225568,3,1,4,"C","a","Ca4"
225569,3,1,2,"C","a","Ca2"
225570,3,1,1,"C","a","Ca1"
225571,3,1,1,"C","a","Ca1"
225572,3,1,1,"C","a","Ca1"
225573,4,1,1,"D","a","Da1"
225574,4,2,1,"D","b","Db1"
225575,4,1,1,"D","a","Da1"
225576,4,1,1,"D","a","Da1"
225577,4,1,1,"D","a","Da1"
225580,4,1,1,"D","a","Da1"
225581,4,1,1,"D","a","Da1"
225582,3,1,1,"C","a","Ca1"
225583,4,2,1,"D","b","Db1"
225584,4,2,1,"D","b","Db1"
225585,3,1,1,"C","a","Ca1"
225586,3,1,2,"C","a","Ca2"
225587,3,1,1,"C","a","Ca1"
225588,3,1,1,"C","a","Ca1"
225589,4,1,1,"D","a","Da1"
226245,3,1,4,"C","a","Ca4"
226246,3,1,4,"C","a","Ca4"
226247,3,1,4,"C","a","Ca4"
226248,3,1,1,"C","a","Ca1"
226249,4,1,1,"D","a","Da1"
226250,3,1,1,"C","a","Ca1"
226251,3,1,1,"C","a","Ca1"
226252,4,1,1,"D","a","Da1"
226253,4,1,1,"D","a","Da1"
226254,4,1,1,"D","a","Da1"
226263,4,1,1,"D","a","Da1"
226264,3,1,1,"C","a","Ca1"
226265,3,1,1,"C","a","Ca1"
226266,3,1,1,"C","a","Ca1"
226267,3,1,1,"C","a","Ca1"
226925,3,1,4,"C","a","Ca4"
226926,3,1,2,"C","a","Ca2"
226927,4,1,1,"D","a","Da1"
226928,4,1,1,"D","a","Da1"
226929,3,1,1,"C","a","Ca1"
226931,3,1,1,"C","a","Ca1"
226932,3,1,1,"C","a","Ca1"
227604,3,1,1,"C","a","Ca1"
227605,3,1,1,"C","a","Ca1"
227606,3,1,1,"C","a","Ca1"
